peptide,label
GTSVNIECR,0
TNKTRIDGQYR,1
PPRFMQDD,0
WAVASAAKL,0
DEYVCPQC,0
PSPSERDRQ,0
AEDKENYKKF,1
FNKSPWFTTLI,1
ASNENMETM,1
LSLAVDKQ,0
QPAGNTSPRA,0
EADPIGHLY,1
KWKRQVTQR,0
PEISVTTPS,0
FAPGNYPAW,1
IITKTAHLI,0
QTGYIPSNY,0
EGAKMAVRLA,0
DCLLTVRALG,0
EDVPIGHLY,1
CEKPFLGHR,0
RQFFDCGHW,0
LIIVPLSTL,0
SLQEWVHGG,0
PDNETYKS,0
KKSVHTQVN,0
VNRALGRWR,0
IEAGAINP,0
TSSRPGSIRR,0
RKRHREEQD,0
RRYNAKTEL,1
EFLLLKAY,0
SRSPSPQPS,0
INDNQKVSK,0
MKLVSLRTLS,0
SISQVNHKP,0
AYWANATRSGA,1
FSNHNNVRA,0
SDYEGRLIQNSLTI,1
EEVVYTSEM,0
LCPKECKVG,0
CLFRGGPRGLLAV,1
WSPRAKQAP,0
LPGAGGAAG,0
FFLAQLARD,0
IWDVSSGKC,0
LRERVLRGKY,0
GDHSSREQG,0
ADGREVVCHA,0
TVNKTTRAY,1
TVKNKTRAY,1
TNKTRGQIDRFGQY,1
TVDNKTMAY,1
RRYNASTEK,1
YFTKIATSL,0
LIIRPKFPR,0
FLGGSPVCL,1
RRYQKSTE,1
GQVKKGSVSH,0
PTHRGSFDM,0
TVDNKTGAY,1
ENSGSKDFF,0
IVYIFNGRST,0
DKVLAEWK,0
SPPPPSEQT,0
QEFFNPST,0
SISDKFFQK,0
RYWANATRSH,1
TVDPNKTY,1
ALDAAAAAY,1
TVDNKTEAY,1
SQHASSNSTS,0
YQRSTAIFF,0
QLQLLVEQM,0
TVFDAKRLIGR,1
TGDNKTRAY,1
RGLLPTHVPA,0
MPPPLRGGP,0
RISYFLNNT,0
LLDVPTAAV,1
IGPIGSKG,0
ARYQKSTELA,1
RYWANATRSA,1
AVPLRPMTYA,1
LGPEDWKPQT,0
LRALYSMYL,0
QAGLADGRT,0
QKEGSQNLL,0
CGVTVRDSL,0
ANATKVSY,1
TVQNKTRAY,1
MFKTYKER,0
DFGNKTFGY,1
LTPQQTLS,0
ARFAAAAAK,1
RYWANATRSI,1
PGSQRRTR,0
LLSCVRQAI,0
QDLKPFRIL,0
LVFFLVTAF,0
FEDMLENPL,0
FNKSPWFTTL,1
LPTDKKKG,0
FAPGNYPAY,1
NKSPWFTTLI,1
DLVTGGELFE,0
VKSAGATPAE,0
QPAVDGGSPI,0
APDAPDEFSAAAAY,1
PEVSGSESA,0
GILGKVFTLTV,1
LQIAPGVLH,0
YLAELLKLH,0
ARSAAAIAKK,1
QGRFLVET,0
AEPDFSAAAAY,1
TNKTRIDGQYK,1
SRYWAIKTR,1
TNKTRIDGQYT,1
FLVEFNLC,0
QAPLRPMTYK,1
ECLDPAQRD,0
GRIDKPIL,1
